/aberfeldy,39
/aberlour,43
/ancnoc,17
/ardbeg,80
/ardmore,43
/isleofarran,13
/auchentoshan,34
/auchentoshan,1
/auchroisk,25
/aultmore,28
/balblair,20
/balmenach,23
/balvenie,44
/balvenie,10
/bennevis,29
/benriach,15
/benrinnes,14
/benromach,24
/bladnoch,19
/blairathol,17
/bowmore,68
/bruichladdich,30
/bunnahabhain,23
/caolila,17
/caol ila,33
/cardhu,18
/clynelish,29
/cragganmore,16
/craigellachie,8
/craigellachie,9
/dailuaine,16
/dalmore,28
/dalwhinnie,32
/deanston,18
/dufftown,20
/edradour,25
/glenallachie,28
/glendeveronmacduff,19
/glendronach,23
/glendullan,20
/glenelgin,16
/glenfarclas,34
/glenfiddich,102
/glengarioch,24
/glengoyne,36
/glengrant,19
/glenkeith,28
/glenkinchie,15
/glenlivet,76
/glenlossie,24
/glenmorangie,52
/glenmoray,22
/glenord,20
/glenrothes,13
/glenscotia,23
/glenspey,17
/glenturret,20
/highlandpark,17
/highland park,35
/inchgower,17
/isleofarran,15
/isleofjura,25
/isle of jura,40
/knochando,15
/Lagavulin,1
/lagavulin,122
/laphroaig,126
/linkwood,22
/loch lomond,8
/lochlomond,10
/longmorn,19
/macallan,101
/mannochmore,16
/miltonduff,14
/mortlach,17
/oban,75
/oldfettercairn,20
/oldpulteney,15
/royalbrackla,25
/royallochnagar,17
/scapa,31
/speyburn,22
/speyside,27
/springbank,29
/strathisla,26
/strathmill,13
/talisker,75
/tamdhu,13
/tamnavulin,15
/teaninich,7
/tobermory,22
/tomatin,22
/tomintoul,13
/tormore,19
/tullibardine,24
/w/1,29
/w/2,29
/w/3,29
/w/4,35
/w/5,14
/w/6,12
/w/7,18
/w/8,13
/w/9,12
/w/10,29
/w/11,17
/w/12,27
/w/13,15
/w/14,21
/w/15,21
/w/16,16
/w/17,10
/w/18,19
/w/19,19
/w/20,35
/w/21,20
/w/22,20
/w/23,29
/w/24,17
/w/25,13
/w/26,18
/w/27,11
/w/28,21
/w/29,19
/w/30,24
/w/31,10
/w/32,16
/w/33,15
/w/34,26
/w/35,12
/w/36,25
/w/37,15
/w/38,21
/w/39,14
/w/40,11
/w/41,8
/w/42,19
/w/43,26
/w/44,20
/w/45,20
/w/46,73
/w/47,25
/w/48,17
/w/49,66
/w/50,17
/w/51,37
/w/52,26
/w/53,23
/w/54,31
/w/55,16
/w/56,52
/w/57,23
/w/58,40
/w/59,54
/w/60,11
/w/61,13
/w/62,14
/w/63,52
/w/64,21
/w/65,11
/w/66,11
/w/67,49
/w/68,18
/w/69,18
/w/70,13
/w/71,7
/w/72,15
/w/73,16
/w/74,23
/w/75,16
/w/76,11
/w/77,18
/w/78,23
/w/79,15
/w/80,16
/w/81,15
/w/82,24
/w/83,13
/w/84,15
/w/85,8
/w/86,23